case,query_pid,query_wid,relevant_pid,relevant_rank_hybrid,relevant_rank_global,relevant_rank_classical,relevant_global_cosine,relevant_alignment_score,relevant_shift,relevant_in_shortlist,top_false_positive_pid,top_false_positive_wid,top_false_positive_rank,top_false_positive_global_cosine,top_false_positive_alignment_score,top_false_positive_shift,figure
success,P_797406,W_203093,P_797408,1,15,1,0.9168220162391663,0.9792366641172517,0,True,P_31055,W_31054,2,0.9397250413894653,0.9636510082309523,5,figures/error_success_P_797406.png
success,P_36279,W_36279,P_576649,1,1,1,0.9865397810935974,0.9659658373610109,8,True,P_29344,W_29344,2,0.9705007076263428,0.9656215502874181,0,figures/error_success_P_36279.png
success,P_495015,W_68889,P_572966,1,1,1,0.9964730143547058,0.9758269299582646,5,True,P_144424,W_25912,2,0.9850650429725647,0.9694436961586985,8,figures/error_success_P_495015.png
false_positive,P_310762,W_137162,P_552138,48,48,11,0.8373874425888062,0.9446441549511146,1,False,P_31055,W_31054,1,0.9388858079910278,0.9499532499049075,3,figures/error_false_positive_P_310762.png
false_positive,P_419983,W_135070,P_500152,46,46,15,0.8225138783454895,0.9464796885886878,0,False,P_599130,W_129713,1,0.9068868160247803,0.9570241463695703,1,figures/error_false_positive_P_419983.png
false_positive,P_207372,W_123805,P_207373,22,5,25,0.952081561088562,0.9392525169567566,2,True,P_495015,W_68889,1,0.9946559071540833,0.9607785694850134,7,figures/error_false_positive_P_207372.png
false_negative,P_29344,W_29344,P_29345,75,75,102,0.7259570360183716,0.8816582887952268,1,False,P_576649,W_36279,1,0.9919082522392273,0.984734253193566,8,figures/error_false_negative_P_29344.png
false_negative,P_411001,W_150074,P_411005,70,70,91,0.7675499320030212,0.8956546887860278,3,False,P_576649,W_36279,1,0.9393794536590576,0.9569999098795312,3,figures/error_false_negative_P_411001.png
false_negative,P_385477,W_67571,P_67571,57,57,43,0.7263950109481812,0.9224159387832603,0,False,P_16488,W_16487,1,0.8911521434783936,0.939959489246712,0,figures/error_false_negative_P_385477.png
